"year","month","hdd","loc"
1891,"Jul",30,"Downtown"
1891,"Aug",62,"Downtown"
1891,"Sep",60,"Downtown"
1891,"Oct",459,"Downtown"
1891,"Nov",1081,"Downtown"
1891,"Dec",1075,"Downtown"
1892,"Jan",1587,"Downtown"
1892,"Feb",1230,"Downtown"
1892,"Mar",1081,"Downtown"
1892,"Apr",639,"Downtown"
1892,"May",406,"Downtown"
1892,"Jun",65,"Downtown"
1892,"Jul",12,"Downtown"
1892,"Aug",18,"Downtown"
1892,"Sep",96,"Downtown"
1892,"Oct",357,"Downtown"
1892,"Nov",1058,"Downtown"
1892,"Dec",1483,"Downtown"
1893,"Jan",1783,"Downtown"
1893,"Feb",1477,"Downtown"
1893,"Mar",1236,"Downtown"
1893,"Apr",737,"Downtown"
1893,"May",320,"Downtown"
1893,"Jun",7,"Downtown"
1893,"Jul",0,"Downtown"
1893,"Aug",20,"Downtown"
1893,"Sep",164,"Downtown"
1893,"Oct",446,"Downtown"
1893,"Nov",958,"Downtown"
1893,"Dec",1574,"Downtown"
1894,"Jan",1625,"Downtown"
1894,"Feb",1373,"Downtown"
1894,"Mar",875,"Downtown"
1894,"Apr",460,"Downtown"
1894,"May",215,"Downtown"
1894,"Jun",17,"Downtown"
1894,"Jul",0,"Downtown"
1894,"Aug",6,"Downtown"
1894,"Sep",122,"Downtown"
1894,"Oct",455,"Downtown"
1894,"Nov",1089,"Downtown"
1894,"Dec",1088,"Downtown"
1895,"Jan",1813,"Downtown"
1895,"Feb",1477,"Downtown"
1895,"Mar",1080,"Downtown"
1895,"Apr",349,"Downtown"
1895,"May",235,"Downtown"
1895,"Jun",17,"Downtown"
1895,"Jul",10,"Downtown"
1895,"Aug",10,"Downtown"
1895,"Sep",130,"Downtown"
1895,"Oct",614,"Downtown"
1895,"Nov",982,"Downtown"
1895,"Dec",1308,"Downtown"
1896,"Jan",1486,"Downtown"
1896,"Feb",1230,"Downtown"
1896,"Mar",1191,"Downtown"
1896,"Apr",499,"Downtown"
1896,"May",110,"Downtown"
1896,"Jun",27,"Downtown"
1896,"Jul",5,"Downtown"
1896,"Aug",26,"Downtown"
1896,"Sep",225,"Downtown"
1896,"Oct",570,"Downtown"
1896,"Nov",1264,"Downtown"
1896,"Dec",1251,"Downtown"
1897,"Jan",1677,"Downtown"
1897,"Feb",1253,"Downtown"
1897,"Mar",1244,"Downtown"
1897,"Apr",547,"Downtown"
1897,"May",255,"Downtown"
1897,"Jun",118,"Downtown"
1897,"Jul",1,"Downtown"
1897,"Aug",29,"Downtown"
1897,"Sep",59,"Downtown"
1897,"Oct",341,"Downtown"
1897,"Nov",1016,"Downtown"
1897,"Dec",1534,"Downtown"
1898,"Jan",1294,"Downtown"
1898,"Feb",1237,"Downtown"
1898,"Mar",930,"Downtown"
1898,"Apr",582,"Downtown"
1898,"May",225,"Downtown"
1898,"Jun",33,"Downtown"
1898,"Jul",5,"Downtown"
1898,"Aug",7,"Downtown"
1898,"Sep",112,"Downtown"
1898,"Oct",587,"Downtown"
1898,"Nov",1049,"Downtown"
1898,"Dec",1574,"Downtown"
1899,"Jan",1497,"Downtown"
1899,"Feb",1592,"Downtown"
1899,"Mar",1478,"Downtown"
1899,"Apr",511,"Downtown"
1899,"May",216,"Downtown"
1899,"Jun",26,"Downtown"
1899,"Jul",2,"Downtown"
1899,"Aug",5,"Downtown"
1899,"Sep",211,"Downtown"
1899,"Oct",375,"Downtown"
1899,"Nov",705,"Downtown"
1899,"Dec",1342,"Downtown"
1900,"Jan",1345,"Downtown"
1900,"Feb",1569,"Downtown"
1900,"Mar",1216,"Downtown"
1900,"Apr",370,"Downtown"
1900,"May",163,"Downtown"
1900,"Jun",26,"Downtown"
1900,"Jul",7,"Downtown"
1900,"Aug",0,"Downtown"
1900,"Sep",173,"Downtown"
1900,"Oct",226,"Downtown"
1900,"Nov",1083,"Downtown"
1900,"Dec",1355,"Downtown"
1901,"Jan",1535,"Downtown"
1901,"Feb",1470,"Downtown"
1901,"Mar",1111,"Downtown"
1901,"Apr",478,"Downtown"
1901,"May",211,"Downtown"
1901,"Jun",52,"Downtown"
1901,"Jul",0,"Downtown"
1901,"Aug",7,"Downtown"
1901,"Sep",196,"Downtown"
1901,"Oct",407,"Downtown"
1901,"Nov",1015,"Downtown"
1901,"Dec",1515,"Downtown"
1902,"Jan",1428,"Downtown"
1902,"Feb",1302,"Downtown"
1902,"Mar",887,"Downtown"
1902,"Apr",608,"Downtown"
1902,"May",203,"Downtown"
1902,"Jun",77,"Downtown"
1902,"Jul",4,"Downtown"
1902,"Aug",34,"Downtown"
1902,"Sep",231,"Downtown"
1902,"Oct",472,"Downtown"
1902,"Nov",862,"Downtown"
1902,"Dec",1526,"Downtown"
1903,"Jan",1557,"Downtown"
1903,"Feb",1400,"Downtown"
1903,"Mar",970,"Downtown"
1903,"Apr",592,"Downtown"
1903,"May",211,"Downtown"
1903,"Jun",80,"Downtown"
1903,"Jul",13,"Downtown"
1903,"Aug",71,"Downtown"
1903,"Sep",215,"Downtown"
1903,"Oct",458,"Downtown"
1903,"Nov",1051,"Downtown"
1903,"Dec",1614,"Downtown"
1904,"Jan",1782,"Downtown"
1904,"Feb",1731,"Downtown"
1904,"Mar",1147,"Downtown"
1904,"Apr",712,"Downtown"
1904,"May",242,"Downtown"
1904,"Jun",46,"Downtown"
1904,"Jul",10,"Downtown"
1904,"Aug",41,"Downtown"
1904,"Sep",170,"Downtown"
1904,"Oct",496,"Downtown"
1904,"Nov",786,"Downtown"
1904,"Dec",1390,"Downtown"
1905,"Jan",1778,"Downtown"
1905,"Feb",1479,"Downtown"
1905,"Mar",921,"Downtown"
1905,"Apr",624,"Downtown"
1905,"May",334,"Downtown"
1905,"Jun",68,"Downtown"
1905,"Jul",14,"Downtown"
1905,"Aug",8,"Downtown"
1905,"Sep",90,"Downtown"
1905,"Oct",611,"Downtown"
1905,"Nov",884,"Downtown"
1905,"Dec",1266,"Downtown"
1906,"Jan",1388,"Downtown"
1906,"Feb",1359,"Downtown"
1906,"Mar",1312,"Downtown"
1906,"Apr",433,"Downtown"
1906,"May",300,"Downtown"
1906,"Jun",42,"Downtown"
1906,"Jul",9,"Downtown"
1906,"Aug",13,"Downtown"
1906,"Sep",73,"Downtown"
1906,"Oct",524,"Downtown"
1906,"Nov",935,"Downtown"
1906,"Dec",1395,"Downtown"
1907,"Jan",1729,"Downtown"
1907,"Feb",1326,"Downtown"
1907,"Mar",1037,"Downtown"
1907,"Apr",831,"Downtown"
1907,"May",553,"Downtown"
1907,"Jun",71,"Downtown"
1907,"Jul",0,"Downtown"
1907,"Aug",27,"Downtown"
1907,"Sep",221,"Downtown"
1907,"Oct",526,"Downtown"
1907,"Nov",905,"Downtown"
1907,"Dec",1232,"Downtown"
1908,"Jan",1392,"Downtown"
1908,"Feb",1257,"Downtown"
1908,"Mar",1099,"Downtown"
1908,"Apr",546,"Downtown"
1908,"May",290,"Downtown"
1908,"Jun",82,"Downtown"
1908,"Jul",10,"Downtown"
1908,"Aug",22,"Downtown"
1908,"Sep",103,"Downtown"
1908,"Oct",496,"Downtown"
1908,"Nov",855,"Downtown"
1908,"Dec",1355,"Downtown"
1909,"Jan",1560,"Downtown"
1909,"Feb",1309,"Downtown"
1909,"Mar",1101,"Downtown"
1909,"Apr",788,"Downtown"
1909,"May",300,"Downtown"
1909,"Jun",60,"Downtown"
1909,"Jul",8,"Downtown"
1909,"Aug",12,"Downtown"
1909,"Sep",146,"Downtown"
1909,"Oct",566,"Downtown"
1909,"Nov",816,"Downtown"
1909,"Dec",1609,"Downtown"
1910,"Jan",1530,"Downtown"
1910,"Feb",1492,"Downtown"
1910,"Mar",618,"Downtown"
1910,"Apr",427,"Downtown"
1910,"May",312,"Downtown"
1910,"Jun",85,"Downtown"
1910,"Jul",0,"Downtown"
1910,"Aug",22,"Downtown"
1910,"Sep",140,"Downtown"
1910,"Oct",349,"Downtown"
1910,"Nov",1107,"Downtown"
1910,"Dec",1416,"Downtown"
1911,"Jan",1660,"Downtown"
1911,"Feb",1199,"Downtown"
1911,"Mar",890,"Downtown"
1911,"Apr",568,"Downtown"
1911,"May",139,"Downtown"
1911,"Jun",15,"Downtown"
1911,"Jul",24,"Downtown"
1911,"Aug",50,"Downtown"
1911,"Sep",201,"Downtown"
1911,"Oct",583,"Downtown"
1911,"Nov",1252,"Downtown"
1911,"Dec",1262,"Downtown"
1912,"Jan",2090,"Downtown"
1912,"Feb",1486,"Downtown"
1912,"Mar",1263,"Downtown"
1912,"Apr",482,"Downtown"
1912,"May",202,"Downtown"
1912,"Jun",86,"Downtown"
1912,"Jul",22,"Downtown"
1912,"Aug",34,"Downtown"
1912,"Sep",217,"Downtown"
1912,"Oct",419,"Downtown"
1912,"Nov",821,"Downtown"
1912,"Dec",1263,"Downtown"
1913,"Jan",1602,"Downtown"
1913,"Feb",1456,"Downtown"
1913,"Mar",1212,"Downtown"
1913,"Apr",487,"Downtown"
1913,"May",317,"Downtown"
1913,"Jun",49,"Downtown"
1913,"Jul",7,"Downtown"
1913,"Aug",2,"Downtown"
1913,"Sep",196,"Downtown"
1913,"Oct",577,"Downtown"
1913,"Nov",738,"Downtown"
1913,"Dec",1064,"Downtown"
1914,"Jan",1343,"Downtown"
1914,"Feb",1565,"Downtown"
1914,"Mar",1062,"Downtown"
1914,"Apr",601,"Downtown"
1914,"May",201,"Downtown"
1914,"Jun",48,"Downtown"
1914,"Jul",2,"Downtown"
1914,"Aug",44,"Downtown"
1914,"Sep",117,"Downtown"
1914,"Oct",308,"Downtown"
1914,"Nov",863,"Downtown"
1914,"Dec",1632,"Downtown"
1915,"Jan",1617,"Downtown"
1915,"Feb",1100,"Downtown"
1915,"Mar",1142,"Downtown"
1915,"Apr",297,"Downtown"
1915,"May",406,"Downtown"
1915,"Jun",118,"Downtown"
1915,"Jul",42,"Downtown"
1915,"Aug",82,"Downtown"
1915,"Sep",182,"Downtown"
1915,"Oct",414,"Downtown"
1915,"Nov",879,"Downtown"
1915,"Dec",1304,"Downtown"
1916,"Jan",1697,"Downtown"
1916,"Feb",1557,"Downtown"
1916,"Mar",1200,"Downtown"
1916,"Apr",634,"Downtown"
1916,"May",268,"Downtown"
1916,"Jun",92,"Downtown"
1916,"Jul",0,"Downtown"
1916,"Aug",29,"Downtown"
1916,"Sep",204,"Downtown"
1916,"Oct",558,"Downtown"
1916,"Nov",906,"Downtown"
1916,"Dec",1624,"Downtown"
1917,"Jan",1787,"Downtown"
1917,"Feb",1656,"Downtown"
1917,"Mar",1161,"Downtown"
1917,"Apr",688,"Downtown"
1917,"May",331,"Downtown"
1917,"Jun",118,"Downtown"
1917,"Jul",12,"Downtown"
1917,"Aug",33,"Downtown"
1917,"Sep",169,"Downtown"
1917,"Oct",811,"Downtown"
1917,"Nov",779,"Downtown"
1917,"Dec",1701,"Downtown"
1918,"Jan",1882,"Downtown"
1918,"Feb",1310,"Downtown"
1918,"Mar",793,"Downtown"
1918,"Apr",616,"Downtown"
1918,"May",199,"Downtown"
1918,"Jun",36,"Downtown"
1918,"Jul",12,"Downtown"
1918,"Aug",6,"Downtown"
1918,"Sep",296,"Downtown"
1918,"Oct",433,"Downtown"
1918,"Nov",808,"Downtown"
1918,"Dec",1124,"Downtown"
1919,"Jan",1315,"Downtown"
1919,"Feb",1353,"Downtown"
1919,"Mar",1002,"Downtown"
1919,"Apr",586,"Downtown"
1919,"May",259,"Downtown"
1919,"Jun",42,"Downtown"
1919,"Jul",0,"Downtown"
1919,"Aug",5,"Downtown"
1919,"Sep",102,"Downtown"
1919,"Oct",623,"Downtown"
1919,"Nov",1146,"Downtown"
1919,"Dec",1669,"Downtown"
1920,"Jan",1771,"Downtown"
1920,"Feb",1413,"Downtown"
1920,"Mar",1039,"Downtown"
1920,"Apr",784,"Downtown"
1920,"May",203,"Downtown"
1920,"Jun",64,"Downtown"
1920,"Jul",7,"Downtown"
1920,"Aug",12,"Downtown"
1920,"Sep",83,"Downtown"
1920,"Oct",267,"Downtown"
1920,"Nov",952,"Downtown"
1920,"Dec",1279,"Downtown"
1921,"Jan",1326,"Downtown"
1921,"Feb",1137,"Downtown"
1921,"Mar",967,"Downtown"
1921,"Apr",441,"Downtown"
1921,"May",237,"Downtown"
1921,"Jun",23,"Downtown"
1921,"Jul",0,"Downtown"
1921,"Aug",11,"Downtown"
1921,"Sep",98,"Downtown"
1921,"Oct",414,"Downtown"
1921,"Nov",1118,"Downtown"
1921,"Dec",1376,"Downtown"
1922,"Jan",1579,"Downtown"
1922,"Feb",1486,"Downtown"
1922,"Mar",970,"Downtown"
1922,"Apr",548,"Downtown"
1922,"May",103,"Downtown"
1922,"Jun",14,"Downtown"
1922,"Jul",8,"Downtown"
1922,"Aug",7,"Downtown"
1922,"Sep",110,"Downtown"
1922,"Oct",382,"Downtown"
1922,"Nov",754,"Downtown"
1922,"Dec",1445,"Downtown"
1923,"Jan",1452,"Downtown"
1923,"Feb",1525,"Downtown"
1923,"Mar",1342,"Downtown"
1923,"Apr",627,"Downtown"
1923,"May",215,"Downtown"
1923,"Jun",31,"Downtown"
1923,"Jul",0,"Downtown"
1923,"Aug",38,"Downtown"
1923,"Sep",124,"Downtown"
1923,"Oct",518,"Downtown"
1923,"Nov",755,"Downtown"
1923,"Dec",1080,"Downtown"
1924,"Jan",1759,"Downtown"
1924,"Feb",1249,"Downtown"
1924,"Mar",1083,"Downtown"
1924,"Apr",616,"Downtown"
1924,"May",450,"Downtown"
1924,"Jun",76,"Downtown"
1924,"Jul",19,"Downtown"
1924,"Aug",35,"Downtown"
1924,"Sep",216,"Downtown"
1924,"Oct",260,"Downtown"
1924,"Nov",950,"Downtown"
1924,"Dec",1722,"Downtown"
1925,"Jan",1563,"Downtown"
1925,"Feb",1208,"Downtown"
1925,"Mar",919,"Downtown"
1925,"Apr",363,"Downtown"
1925,"May",350,"Downtown"
1925,"Jun",72,"Downtown"
1925,"Jul",18,"Downtown"
1925,"Aug",6,"Downtown"
1925,"Sep",100,"Downtown"
1925,"Oct",823,"Downtown"
1925,"Nov",964,"Downtown"
1925,"Dec",1490,"Downtown"
1926,"Jan",1482,"Downtown"
1926,"Feb",1149,"Downtown"
1926,"Mar",1199,"Downtown"
1926,"Apr",616,"Downtown"
1926,"May",153,"Downtown"
1926,"Jun",89,"Downtown"
1926,"Jul",10,"Downtown"
1926,"Aug",2,"Downtown"
1926,"Sep",251,"Downtown"
1926,"Oct",547,"Downtown"
1926,"Nov",1118,"Downtown"
1926,"Dec",1546,"Downtown"
1927,"Jan",1585,"Downtown"
1927,"Feb",1166,"Downtown"
1927,"Mar",908,"Downtown"
1927,"Apr",551,"Downtown"
1927,"May",342,"Downtown"
1927,"Jun",112,"Downtown"
1927,"Jul",13,"Downtown"
1927,"Aug",39,"Downtown"
1927,"Sep",200,"Downtown"
1927,"Oct",403,"Downtown"
1927,"Nov",1045,"Downtown"
1927,"Dec",1732,"Downtown"
1928,"Jan",1473,"Downtown"
1928,"Feb",1249,"Downtown"
1928,"Mar",987,"Downtown"
1928,"Apr",754,"Downtown"
1928,"May",155,"Downtown"
1928,"Jun",96,"Downtown"
1928,"Jul",2,"Downtown"
1928,"Aug",27,"Downtown"
1928,"Sep",211,"Downtown"
1928,"Oct",450,"Downtown"
1928,"Nov",851,"Downtown"
1928,"Dec",1214,"Downtown"
1929,"Jan",1949,"Downtown"
1929,"Feb",1519,"Downtown"
1929,"Mar",951,"Downtown"
1929,"Apr",537,"Downtown"
1929,"May",339,"Downtown"
1929,"Jun",76,"Downtown"
1929,"Jul",3,"Downtown"
1929,"Aug",6,"Downtown"
1929,"Sep",240,"Downtown"
1929,"Oct",463,"Downtown"
1929,"Nov",1073,"Downtown"
1929,"Dec",1449,"Downtown"
1930,"Jan",1793,"Downtown"
1930,"Feb",1046,"Downtown"
1930,"Mar",1029,"Downtown"
1930,"Apr",458,"Downtown"
1930,"May",230,"Downtown"
1930,"Jun",28,"Downtown"
1930,"Jul",7,"Downtown"
1930,"Aug",1,"Downtown"
1930,"Sep",141,"Downtown"
1930,"Oct",549,"Downtown"
1930,"Nov",830,"Downtown"
1930,"Dec",1292,"Downtown"
1931,"Jan",1206,"Downtown"
1931,"Feb",919,"Downtown"
1931,"Mar",1035,"Downtown"
1931,"Apr",450,"Downtown"
1931,"May",310,"Downtown"
1931,"Jun",21,"Downtown"
1931,"Jul",0,"Downtown"
1931,"Aug",33,"Downtown"
1931,"Sep",68,"Downtown"
1931,"Oct",333,"Downtown"
1931,"Nov",734,"Downtown"
1931,"Dec",1077,"Downtown"
1932,"Jan",1446,"Downtown"
1932,"Feb",1317,"Downtown"
1932,"Mar",1333,"Downtown"
1932,"Apr",544,"Downtown"
1932,"May",221,"Downtown"
1932,"Jun",0,"Downtown"
1932,"Jul",12,"Downtown"
1932,"Aug",4,"Downtown"
1932,"Sep",128,"Downtown"
1932,"Oct",577,"Downtown"
1932,"Nov",1022,"Downtown"
1932,"Dec",1487,"Downtown"
1933,"Jan",1288,"Downtown"
1933,"Feb",1415,"Downtown"
1933,"Mar",1060,"Downtown"
1933,"Apr",596,"Downtown"
1933,"May",230,"Downtown"
1933,"Jun",11,"Downtown"
1933,"Jul",0,"Downtown"
1933,"Aug",6,"Downtown"
1933,"Sep",56,"Downtown"
1933,"Oct",543,"Downtown"
1933,"Nov",1022,"Downtown"
1933,"Dec",1482,"Downtown"
1934,"Jan",1349,"Downtown"
1934,"Feb",1296,"Downtown"
1934,"Mar",1110,"Downtown"
1934,"Apr",585,"Downtown"
1934,"May",83,"Downtown"
1934,"Jun",15,"Downtown"
1934,"Jul",2,"Downtown"
1934,"Aug",55,"Downtown"
1934,"Sep",241,"Downtown"
1934,"Oct",346,"Downtown"
1934,"Nov",780,"Downtown"
1934,"Dec",1544,"Downtown"
1935,"Jan",1666,"Downtown"
1935,"Feb",1097,"Downtown"
1935,"Mar",952,"Downtown"
1935,"Apr",622,"Downtown"
1935,"May",307,"Downtown"
1935,"Jun",102,"Downtown"
1935,"Jul",0,"Downtown"
1935,"Aug",45,"Downtown"
1935,"Sep",148,"Downtown"
1935,"Oct",503,"Downtown"
1935,"Nov",1085,"Downtown"
1935,"Dec",1465,"Downtown"
1936,"Jan",1892,"Downtown"
1936,"Feb",1880,"Downtown"
1936,"Mar",1082,"Downtown"
1936,"Apr",750,"Downtown"
1936,"May",111,"Downtown"
1936,"Jun",56,"Downtown"
1936,"Jul",0,"Downtown"
1936,"Aug",4,"Downtown"
1936,"Sep",90,"Downtown"
1936,"Oct",574,"Downtown"
1936,"Nov",1038,"Downtown"
1936,"Dec",1309,"Downtown"
1937,"Jan",1838,"Downtown"
1937,"Feb",1439,"Downtown"
1937,"Mar",1174,"Downtown"
1937,"Apr",609,"Downtown"
1937,"May",189,"Downtown"
1937,"Jun",70,"Downtown"
1937,"Jul",2,"Downtown"
1937,"Aug",0,"Downtown"
1937,"Sep",161,"Downtown"
1937,"Oct",565,"Downtown"
1937,"Nov",988,"Downtown"
1937,"Dec",1454,"Downtown"
1938,"Jan",1588,"Downtown"
1938,"Feb",1204,"Downtown"
1938,"Mar",825,"Downtown"
1938,"Apr",569,"Airport"
1938,"May",291,"Airport"
1938,"Jun",27,"Airport"
1938,"Jul",0,"Airport"
1938,"Aug",2,"Airport"
1938,"Sep",112,"Airport"
1938,"Oct",319,"Airport"
1938,"Nov",998,"Airport"
1938,"Dec",1376,"Airport"
1939,"Jan",1397,"Airport"
1939,"Feb",1557,"Airport"
1939,"Mar",1097,"Airport"
1939,"Apr",671,"Airport"
1939,"May",123,"Airport"
1939,"Jun",36,"Airport"
1939,"Jul",4,"Airport"
1939,"Aug",13,"Airport"
1939,"Sep",146,"Airport"
1939,"Oct",534,"Airport"
1939,"Nov",813,"Airport"
1939,"Dec",1153,"Airport"
1940,"Jan",1806,"Airport"
1940,"Feb",1314,"Airport"
1940,"Mar",1259,"Airport"
1940,"Apr",631,"Airport"
1940,"May",291,"Airport"
1940,"Jun",27,"Airport"
1940,"Jul",2,"Airport"
1940,"Aug",58,"Airport"
1940,"Sep",110,"Airport"
1940,"Oct",336,"Airport"
1940,"Nov",1109,"Airport"
1940,"Dec",1326,"Airport"
1941,"Jan",1468,"Airport"
1941,"Feb",1399,"Airport"
1941,"Mar",1135,"Airport"
1941,"Apr",370,"Airport"
1941,"May",124,"Airport"
1941,"Jun",63,"Airport"
1941,"Jul",6,"Airport"
1941,"Aug",13,"Airport"
1941,"Sep",133,"Airport"
1941,"Oct",430,"Airport"
1941,"Nov",848,"Airport"
1941,"Dec",1199,"Airport"
1942,"Jan",1372,"Airport"
1942,"Feb",1231,"Airport"
1942,"Mar",896,"Airport"
1942,"Apr",394,"Airport"
1942,"May",282,"Airport"
1942,"Jun",53,"Airport"
1942,"Jul",12,"Airport"
1942,"Aug",19,"Airport"
1942,"Sep",275,"Airport"
1942,"Oct",449,"Airport"
1942,"Nov",936,"Airport"
1942,"Dec",1529,"Airport"
1943,"Jan",1767,"Airport"
1943,"Feb",1327,"Airport"
1943,"Mar",1276,"Airport"
1943,"Apr",608,"Airport"
1943,"May",318,"Airport"
1943,"Jun",64,"Airport"
1943,"Jul",0,"Airport"
1943,"Aug",17,"Airport"
1943,"Sep",232,"Airport"
1943,"Oct",477,"Airport"
1943,"Nov",1057,"Airport"
1943,"Dec",1282,"Airport"
1944,"Jan",1185,"Airport"
1944,"Feb",1280,"Airport"
1944,"Mar",1206,"Airport"
1944,"Apr",656,"Airport"
1944,"May",191,"Airport"
1944,"Jun",37,"Airport"
1944,"Jul",1,"Airport"
1944,"Aug",24,"Airport"
1944,"Sep",128,"Airport"
1944,"Oct",420,"Airport"
1944,"Nov",812,"Airport"
1944,"Dec",1409,"Airport"
1945,"Jan",1614,"Airport"
1945,"Feb",1317,"Airport"
1945,"Mar",774,"Airport"
1945,"Apr",624,"Airport"
1945,"May",393,"Airport"
1945,"Jun",154,"Airport"
1945,"Jul",21,"Airport"
1945,"Aug",3,"Airport"
1945,"Sep",219,"Airport"
1945,"Oct",502,"Airport"
1945,"Nov",989,"Airport"
1945,"Dec",1592,"Airport"
1946,"Jan",1537,"Airport"
1946,"Feb",1343,"Airport"
1946,"Mar",690,"Airport"
1946,"Apr",415,"Airport"
1946,"May",317,"Airport"
1946,"Jun",84,"Airport"
1946,"Jul",0,"Airport"
1946,"Aug",28,"Airport"
1946,"Sep",193,"Airport"
1946,"Oct",421,"Airport"
1946,"Nov",949,"Airport"
1946,"Dec",1371,"Airport"
1947,"Jan",1338,"Airport"
1947,"Feb",1400,"Airport"
1947,"Mar",1111,"Airport"
1947,"Apr",681,"Airport"
1947,"May",352,"Airport"
1947,"Jun",94,"Airport"
1947,"Jul",9,"Airport"
1947,"Aug",1,"Airport"
1947,"Sep",195,"Airport"
1947,"Oct",210,"Airport"
1947,"Nov",1145,"Airport"
1947,"Dec",1460,"Airport"
1948,"Jan",1695,"Airport"
1948,"Feb",1424,"Airport"
1948,"Mar",1158,"Airport"
1948,"Apr",446,"Airport"
1948,"May",219,"Airport"
1948,"Jun",20,"Airport"
1948,"Jul",5,"Airport"
1948,"Aug",4,"Airport"
1948,"Sep",56,"Airport"
1948,"Oct",421,"Airport"
1948,"Nov",893,"Airport"
1948,"Dec",1390,"Airport"
1949,"Jan",1573,"Airport"
1949,"Feb",1440,"Airport"
1949,"Mar",1093,"Airport"
1949,"Apr",529,"Airport"
1949,"May",152,"Airport"
1949,"Jun",14,"Airport"
1949,"Jul",0,"Airport"
1949,"Aug",13,"Airport"
1949,"Sep",206,"Airport"
1949,"Oct",369,"Airport"
1949,"Nov",828,"Airport"
1949,"Dec",1376,"Airport"
1950,"Jan",1737,"Airport"
1950,"Feb",1356,"Airport"
1950,"Mar",1264,"Airport"
1950,"Apr",834,"Airport"
1950,"May",287,"Airport"
1950,"Jun",62,"Airport"
1950,"Jul",8,"Airport"
1950,"Aug",46,"Airport"
1950,"Sep",100,"Airport"
1950,"Oct",358,"Airport"
1950,"Nov",1113,"Airport"
1950,"Dec",1623,"Airport"
1951,"Jan",1719,"Airport"
1951,"Feb",1324,"Airport"
1951,"Mar",1353,"Airport"
1951,"Apr",675,"Airport"
1951,"May",116,"Airport"
1951,"Jun",78,"Airport"
1951,"Jul",5,"Airport"
1951,"Aug",19,"Airport"
1951,"Sep",242,"Airport"
1951,"Oct",486,"Airport"
1951,"Nov",1176,"Airport"
1951,"Dec",1499,"Airport"
1952,"Jan",1565,"Airport"
1952,"Feb",1192,"Airport"
1952,"Mar",1199,"Airport"
1952,"Apr",475,"Airport"
1952,"May",224,"Airport"
1952,"Jun",21,"Airport"
1952,"Jul",1,"Airport"
1952,"Aug",12,"Airport"
1952,"Sep",143,"Airport"
1952,"Oct",633,"Airport"
1952,"Nov",883,"Airport"
1952,"Dec",1284,"Airport"
1953,"Jan",1487,"Airport"
1953,"Feb",1312,"Airport"
1953,"Mar",959,"Airport"
1953,"Apr",715,"Airport"
1953,"May",236,"Airport"
1953,"Jun",37,"Airport"
1953,"Jul",3,"Airport"
1953,"Aug",2,"Airport"
1953,"Sep",139,"Airport"
1953,"Oct",274,"Airport"
1953,"Nov",767,"Airport"
1953,"Dec",1328,"Airport"
1954,"Jan",1689,"Airport"
1954,"Feb",924,"Airport"
1954,"Mar",1145,"Airport"
1954,"Apr",553,"Airport"
1954,"May",369,"Airport"
1954,"Jun",39,"Airport"
1954,"Jul",1,"Airport"
1954,"Aug",0,"Airport"
1954,"Sep",158,"Airport"
1954,"Oct",530,"Airport"
1954,"Nov",795,"Airport"
1954,"Dec",1281,"Airport"
1955,"Jan",1569,"Airport"
1955,"Feb",1409,"Airport"
1955,"Mar",1169,"Airport"
1955,"Apr",328,"Airport"
1955,"May",124,"Airport"
1955,"Jun",41,"Airport"
1955,"Jul",0,"Airport"
1955,"Aug",2,"Airport"
1955,"Sep",136,"Airport"
1955,"Oct",423,"Airport"
1955,"Nov",1173,"Airport"
1955,"Dec",1628,"Airport"
1956,"Jan",1613,"Airport"
1956,"Feb",1444,"Airport"
1956,"Mar",1205,"Airport"
1956,"Apr",686,"Airport"
1956,"May",246,"Airport"
1956,"Jun",12,"Airport"
1956,"Jul",9,"Airport"
1956,"Aug",22,"Airport"
1956,"Sep",202,"Airport"
1956,"Oct",271,"Airport"
1956,"Nov",920,"Airport"
1956,"Dec",1267,"Airport"
1957,"Jan",1649,"Airport"
1957,"Feb",1241,"Airport"
1957,"Mar",1065,"Airport"
1957,"Apr",545,"Airport"
1957,"May",263,"Airport"
1957,"Jun",33,"Airport"
1957,"Jul",0,"Airport"
1957,"Aug",13,"Airport"
1957,"Sep",184,"Airport"
1957,"Oct",500,"Airport"
1957,"Nov",963,"Airport"
1957,"Dec",1226,"Airport"
1958,"Jan",1311,"Airport"
1958,"Feb",1379,"Airport"
1958,"Mar",945,"Airport"
1958,"Apr",507,"Airport"
1958,"May",169,"Airport"
1958,"Jun",106,"Airport"
1958,"Jul",12,"Airport"
1958,"Aug",37,"Airport"
1958,"Sep",108,"Airport"
1958,"Oct",370,"Airport"
1958,"Nov",871,"Airport"
1958,"Dec",1519,"Airport"
1959,"Jan",1681,"Airport"
1959,"Feb",1334,"Airport"
1959,"Mar",956,"Airport"
1959,"Apr",530,"Airport"
1959,"May",192,"Airport"
1959,"Jun",28,"Airport"
1959,"Jul",5,"Airport"
1959,"Aug",4,"Airport"
1959,"Sep",152,"Airport"
1959,"Oct",634,"Airport"
1959,"Nov",1181,"Airport"
1959,"Dec",1073,"Airport"
1960,"Jan",1466,"Airport"
1960,"Feb",1364,"Airport"
1960,"Mar",1393,"Airport"
1960,"Apr",574,"Airport"
1960,"May",247,"Airport"
1960,"Jun",82,"Airport"
1960,"Jul",8,"Airport"
1960,"Aug",11,"Airport"
1960,"Sep",202,"Airport"
1960,"Oct",503,"Airport"
1960,"Nov",943,"Airport"
1960,"Dec",1488,"Airport"
1961,"Jan",1637,"Airport"
1961,"Feb",1184,"Airport"
1961,"Mar",1013,"Airport"
1961,"Apr",788,"Airport"
1961,"May",335,"Airport"
1961,"Jun",43,"Airport"
1961,"Jul",0,"Airport"
1961,"Aug",10,"Airport"
1961,"Sep",239,"Airport"
1961,"Oct",396,"Airport"
1961,"Nov",938,"Airport"
1961,"Dec",1534,"Airport"
1962,"Jan",1788,"Airport"
1962,"Feb",1486,"Airport"
1962,"Mar",1248,"Airport"
1962,"Apr",691,"Airport"
1962,"May",198,"Airport"
1962,"Jun",68,"Airport"
1962,"Jul",27,"Airport"
1962,"Aug",15,"Airport"
1962,"Sep",262,"Airport"
1962,"Oct",461,"Airport"
1962,"Nov",891,"Airport"
1962,"Dec",1421,"Airport"
1963,"Jan",1919,"Airport"
1963,"Feb",1476,"Airport"
1963,"Mar",946,"Airport"
1963,"Apr",500,"Airport"
1963,"May",319,"Airport"
1963,"Jun",46,"Airport"
1963,"Jul",1,"Airport"
1963,"Aug",32,"Airport"
1963,"Sep",129,"Airport"
1963,"Oct",216,"Airport"
1963,"Nov",793,"Airport"
1963,"Dec",1696,"Airport"
1964,"Jan",1389,"Airport"
1964,"Feb",1186,"Airport"
1964,"Mar",1209,"Airport"
1964,"Apr",543,"Airport"
1964,"May",154,"Airport"
1964,"Jun",49,"Airport"
1964,"Jul",0,"Airport"
1964,"Aug",63,"Airport"
1964,"Sep",224,"Airport"
1964,"Oct",515,"Airport"
1964,"Nov",894,"Airport"
1964,"Dec",1549,"Airport"
1965,"Jan",1696,"Airport"
1965,"Feb",1482,"Airport"
1965,"Mar",1405,"Airport"
1965,"Apr",690,"Airport"
1965,"May",211,"Airport"
1965,"Jun",19,"Airport"
1965,"Jul",7,"Airport"
1965,"Aug",40,"Airport"
1965,"Sep",368,"Airport"
1965,"Oct",447,"Airport"
1965,"Nov",950,"Airport"
1965,"Dec",1140,"Airport"
1966,"Jan",1903,"Airport"
1966,"Feb",1358,"Airport"
1966,"Mar",899,"Airport"
1966,"Apr",678,"Airport"
1966,"May",357,"Airport"
1966,"Jun",41,"Airport"
1966,"Jul",0,"Airport"
1966,"Aug",40,"Airport"
1966,"Sep",185,"Airport"
1966,"Oct",536,"Airport"
1966,"Nov",1042,"Airport"
1966,"Dec",1446,"Airport"
1967,"Jan",1553,"Airport"
1967,"Feb",1568,"Airport"
1967,"Mar",1086,"Airport"
1967,"Apr",600,"Airport"
1967,"May",404,"Airport"
1967,"Jun",30,"Airport"
1967,"Jul",36,"Airport"
1967,"Aug",65,"Airport"
1967,"Sep",166,"Airport"
1967,"Oct",577,"Airport"
1967,"Nov",1024,"Airport"
1967,"Dec",1334,"Airport"
1968,"Jan",1566,"Airport"
1968,"Feb",1438,"Airport"
1968,"Mar",808,"Airport"
1968,"Apr",491,"Airport"
1968,"May",358,"Airport"
1968,"Jun",62,"Airport"
1968,"Jul",10,"Airport"
1968,"Aug",28,"Airport"
1968,"Sep",143,"Airport"
1968,"Oct",451,"Airport"
1968,"Nov",922,"Airport"
1968,"Dec",1483,"Airport"
1969,"Jan",1719,"Airport"
1969,"Feb",1274,"Airport"
1969,"Mar",1261,"Airport"
1969,"Apr",461,"Airport"
1969,"May",204,"Airport"
1969,"Jun",136,"Airport"
1969,"Jul",5,"Airport"
1969,"Aug",0,"Airport"
1969,"Sep",131,"Airport"
1969,"Oct",580,"Airport"
1969,"Nov",933,"Airport"
1969,"Dec",1379,"Airport"
1970,"Jan",1836,"Airport"
1970,"Feb",1382,"Airport"
1970,"Mar",1204,"Airport"
1970,"Apr",577,"Airport"
1970,"May",249,"Airport"
1970,"Jun",20,"Airport"
1970,"Jul",3,"Airport"
1970,"Aug",5,"Airport"
1970,"Sep",190,"Airport"
1970,"Oct",476,"Airport"
1970,"Nov",959,"Airport"
1970,"Dec",1443,"Airport"
1971,"Jan",1808,"Airport"
1971,"Feb",1337,"Airport"
1971,"Mar",1139,"Airport"
1971,"Apr",537,"Airport"
1971,"May",297,"Airport"
1971,"Jun",18,"Airport"
1971,"Jul",16,"Airport"
1971,"Aug",22,"Airport"
1971,"Sep",164,"Airport"
1971,"Oct",413,"Airport"
1971,"Nov",962,"Airport"
1971,"Dec",1437,"Airport"
1972,"Jan",1837,"Airport"
1972,"Feb",1575,"Airport"
1972,"Mar",1188,"Airport"
1972,"Apr",687,"Airport"
1972,"May",204,"Airport"
1972,"Jun",73,"Airport"
1972,"Jul",34,"Airport"
1972,"Aug",52,"Airport"
1972,"Sep",218,"Airport"
1972,"Oct",651,"Airport"
1972,"Nov",974,"Airport"
1972,"Dec",1657,"Airport"
1973,"Jan",1471,"Airport"
1973,"Feb",1207,"Airport"
1973,"Mar",761,"Airport"
1973,"Apr",611,"Airport"
1973,"May",299,"Airport"
1973,"Jun",13,"Airport"
1973,"Jul",1,"Airport"
1973,"Aug",3,"Airport"
1973,"Sep",185,"Airport"
1973,"Oct",350,"Airport"
1973,"Nov",915,"Airport"
1973,"Dec",1491,"Airport"
1974,"Jan",1638,"Airport"
1974,"Feb",1342,"Airport"
1974,"Mar",1092,"Airport"
1974,"Apr",535,"Airport"
1974,"May",338,"Airport"
1974,"Jun",72,"Airport"
1974,"Jul",0,"Airport"
1974,"Aug",48,"Airport"
1974,"Sep",289,"Airport"
1974,"Oct",467,"Airport"
1974,"Nov",933,"Airport"
1974,"Dec",1252,"Airport"
1975,"Jan",1560,"Airport"
1975,"Feb",1379,"Airport"
1975,"Mar",1324,"Airport"
1975,"Apr",775,"Airport"
1975,"May",188,"Airport"
1975,"Jun",39,"Airport"
1975,"Jul",15,"Airport"
1975,"Aug",7,"Airport"
1975,"Sep",231,"Airport"
1975,"Oct",387,"Airport"
1975,"Nov",818,"Airport"
1975,"Dec",1346,"Airport"
1976,"Jan",1647,"Airport"
1976,"Feb",1073,"Airport"
1976,"Mar",1031,"Airport"
1976,"Apr",405,"Airport"
1976,"May",195,"Airport"
1976,"Jun",11,"Airport"
1976,"Jul",0,"Airport"
1976,"Aug",4,"Airport"
1976,"Sep",162,"Airport"
1976,"Oct",632,"Airport"
1976,"Nov",1092,"Airport"
1976,"Dec",1588,"Airport"
1977,"Jan",1998,"Airport"
1977,"Feb",1180,"Airport"
1977,"Mar",844,"Airport"
1977,"Apr",365,"Airport"
1977,"May",75,"Airport"
1977,"Jun",17,"Airport"
1977,"Jul",0,"Airport"
1977,"Aug",35,"Airport"
1977,"Sep",145,"Airport"
1977,"Oct",548,"Airport"
1977,"Nov",1016,"Airport"
1977,"Dec",1563,"Airport"
1978,"Jan",1837,"Airport"
1978,"Feb",1487,"Airport"
1978,"Mar",1080,"Airport"
1978,"Apr",584,"Airport"
1978,"May",162,"Airport"
1978,"Jun",46,"Airport"
1978,"Jul",5,"Airport"
1978,"Aug",7,"Airport"
1978,"Sep",89,"Airport"
1978,"Oct",464,"Airport"
1978,"Nov",968,"Airport"
1978,"Dec",1536,"Airport"
1979,"Jan",1909,"Airport"
1979,"Feb",1531,"Airport"
1979,"Mar",1112,"Airport"
1979,"Apr",623,"Airport"
1979,"May",307,"Airport"
1979,"Jun",38,"Airport"
1979,"Jul",0,"Airport"
1979,"Aug",24,"Airport"
1979,"Sep",105,"Airport"
1979,"Oct",566,"Airport"
1979,"Nov",992,"Airport"
1979,"Dec",1203,"Airport"
1980,"Jan",1533,"Airport"
1980,"Feb",1436,"Airport"
1980,"Mar",1165,"Airport"
1980,"Apr",484,"Airport"
1980,"May",184,"Airport"
1980,"Jun",34,"Airport"
1980,"Jul",0,"Airport"
1980,"Aug",12,"Airport"
1980,"Sep",194,"Airport"
1980,"Oct",611,"Airport"
1980,"Nov",845,"Airport"
1980,"Dec",1395,"Airport"
1981,"Jan",1450,"Airport"
1981,"Feb",1158,"Airport"
1981,"Mar",838,"Airport"
1981,"Apr",472,"Airport"
1981,"May",249,"Airport"
1981,"Jun",28,"Airport"
1981,"Jul",11,"Airport"
1981,"Aug",11,"Airport"
1981,"Sep",172,"Airport"
1981,"Oct",564,"Airport"
1981,"Nov",803,"Airport"
1981,"Dec",1464,"Airport"
1982,"Jan",1936,"Airport"
1982,"Feb",1371,"Airport"
1982,"Mar",1111,"Airport"
1982,"Apr",629,"Airport"
1982,"May",117,"Airport"
1982,"Jun",71,"Airport"
1982,"Jul",0,"Airport"
1982,"Aug",14,"Airport"
1982,"Sep",168,"Airport"
1982,"Oct",448,"Airport"
1982,"Nov",997,"Airport"
1982,"Dec",1212,"Airport"
1983,"Jan",1400,"Airport"
1983,"Feb",1061,"Airport"
1983,"Mar",947,"Airport"
1983,"Apr",673,"Airport"
1983,"May",313,"Airport"
1983,"Jun",49,"Airport"
1983,"Jul",2,"Airport"
1983,"Aug",0,"Airport"
1983,"Sep",161,"Airport"
1983,"Oct",514,"Airport"
1983,"Nov",923,"Airport"
1983,"Dec",1896,"Airport"
1984,"Jan",1637,"Airport"
1984,"Feb",1081,"Airport"
1984,"Mar",1240,"Airport"
1984,"Apr",531,"Airport"
1984,"May",284,"Airport"
1984,"Jun",7,"Airport"
1984,"Jul",5,"Airport"
1984,"Aug",12,"Airport"
1984,"Sep",251,"Airport"
1984,"Oct",435,"Airport"
1984,"Nov",943,"Airport"
1984,"Dec",1453,"Airport"
1985,"Jan",1691,"Airport"
1985,"Feb",1352,"Airport"
1985,"Mar",904,"Airport"
1985,"Apr",403,"Airport"
1985,"May",123,"Airport"
1985,"Jun",104,"Airport"
1985,"Jul",0,"Airport"
1985,"Aug",28,"Airport"
1985,"Sep",240,"Airport"
1985,"Oct",537,"Airport"
1985,"Nov",1201,"Airport"
1985,"Dec",1770,"Airport"
1986,"Jan",1464,"Airport"
1986,"Feb",1376,"Airport"
1986,"Mar",957,"Airport"
1986,"Apr",454,"Airport"
1986,"May",212,"Airport"
1986,"Jun",30,"Airport"
1986,"Jul",0,"Airport"
1986,"Aug",43,"Airport"
1986,"Sep",177,"Airport"
1986,"Oct",480,"Airport"
1986,"Nov",1096,"Airport"
1986,"Dec",1243,"Airport"
1987,"Jan",1350,"Airport"
1987,"Feb",929,"Airport"
1987,"Mar",809,"Airport"
1987,"Apr",347,"Airport"
1987,"May",134,"Airport"
1987,"Jun",13,"Airport"
1987,"Jul",2,"Airport"
1987,"Aug",29,"Airport"
1987,"Sep",106,"Airport"
1987,"Oct",623,"Airport"
1987,"Nov",804,"Airport"
1987,"Dec",1236,"Airport"
1988,"Jan",1686,"Airport"
1988,"Feb",1475,"Airport"
1988,"Mar",962,"Airport"
1988,"Apr",523,"Airport"
1988,"May",76,"Airport"
1988,"Jun",4,"Airport"
1988,"Jul",1,"Airport"
1988,"Aug",16,"Airport"
1988,"Sep",116,"Airport"
1988,"Oct",646,"Airport"
1988,"Nov",963,"Airport"
1988,"Dec",1373,"Airport"
1989,"Jan",1351,"Airport"
1989,"Feb",1573,"Airport"
1989,"Mar",1184,"Airport"
1989,"Apr",583,"Airport"
1989,"May",251,"Airport"
1989,"Jun",44,"Airport"
1989,"Jul",0,"Airport"
1989,"Aug",6,"Airport"
1989,"Sep",159,"Airport"
1989,"Oct",470,"Airport"
1989,"Nov",1105,"Airport"
1989,"Dec",1678,"Airport"
1990,"Jan",1194,"Airport"
1990,"Feb",1151,"Airport"
1990,"Mar",899,"Airport"
1990,"Apr",569,"Airport"
1990,"May",274,"Airport"
1990,"Jun",37,"Airport"
1990,"Jul",2,"Airport"
1990,"Aug",5,"Airport"
1990,"Sep",136,"Airport"
1990,"Oct",516,"Airport"
1990,"Nov",820,"Airport"
1990,"Dec",1483,"Airport"
1991,"Jan",1621,"Airport"
1991,"Feb",1129,"Airport"
1991,"Mar",945,"Airport"
1991,"Apr",481,"Airport"
1991,"May",197,"Airport"
1991,"Jun",3,"Airport"
1991,"Jul",7,"Airport"
1991,"Aug",8,"Airport"
1991,"Sep",228,"Airport"
1991,"Oct",548,"Airport"
1991,"Nov",1206,"Airport"
1991,"Dec",1353,"Airport"
1992,"Jan",1332,"Airport"
1992,"Feb",1067,"Airport"
1992,"Mar",981,"Airport"
1992,"Apr",636,"Airport"
1992,"May",190,"Airport"
1992,"Jun",72,"Airport"
1992,"Jul",32,"Airport"
1992,"Aug",52,"Airport"
1992,"Sep",182,"Airport"
1992,"Oct",542,"Airport"
1992,"Nov",1003,"Airport"
1992,"Dec",1351,"Airport"
1993,"Jan",1557,"Airport"
1993,"Feb",1335,"Airport"
1993,"Mar",1096,"Airport"
1993,"Apr",617,"Airport"
1993,"May",243,"Airport"
1993,"Jun",70,"Airport"
1993,"Jul",3,"Airport"
1993,"Aug",18,"Airport"
1993,"Sep",302,"Airport"
1993,"Oct",566,"Airport"
1993,"Nov",1025,"Airport"
1993,"Dec",1321,"Airport"
1994,"Jan",1873,"Airport"
1994,"Feb",1444,"Airport"
1994,"Mar",932,"Airport"
1994,"Apr",569,"Airport"
1994,"May",180,"Airport"
1994,"Jun",27,"Airport"
1994,"Jul",2,"Airport"
1994,"Aug",45,"Airport"
1994,"Sep",99,"Airport"
1994,"Oct",390,"Airport"
1994,"Nov",802,"Airport"
1994,"Dec",1250,"Airport"
1995,"Jan",1433,"Airport"
1995,"Feb",1273,"Airport"
1995,"Mar",924,"Airport"
1995,"Apr",678,"Airport"
1995,"May",247,"Airport"
1995,"Jun",47,"Airport"
1995,"Jul",6,"Airport"
1995,"Aug",0,"Airport"
1995,"Sep",201,"Airport"
1995,"Oct",511,"Airport"
1995,"Nov",1123,"Airport"
1995,"Dec",1414,"Airport"
1996,"Jan",1693,"Airport"
1996,"Feb",1356,"Airport"
1996,"Mar",1222,"Airport"
1996,"Apr",699,"Airport"
1996,"May",304,"Airport"
1996,"Jun",62,"Airport"
1996,"Jul",3,"Airport"
1996,"Aug",2,"Airport"
1996,"Sep",167,"Airport"
1996,"Oct",500,"Airport"
1996,"Nov",943,"Airport"
1996,"Dec",1583,"Airport"
1997,"Jan",1688,"Airport"
1997,"Feb",1255,"Airport"
1997,"Mar",1100,"Airport"
1997,"Apr",653,"Airport"
1997,"May",351,"Airport"
1997,"Jun",6,"Airport"
1997,"Jul",27,"Airport"
1997,"Aug",26,"Airport"
1997,"Sep",113,"Airport"
1997,"Oct",483,"Airport"
1997,"Nov",1101,"Airport"
1997,"Dec",1173,"Airport"
1998,"Jan",1414,"Airport"
1998,"Feb",917,"Airport"
1998,"Mar",1019,"Airport"
1998,"Apr",423,"Airport"
1998,"May",104,"Airport"
1998,"Jun",107,"Airport"
1998,"Jul",0,"Airport"
1998,"Aug",0,"Airport"
1998,"Sep",74,"Airport"
1998,"Oct",422,"Airport"
1998,"Nov",829,"Airport"
1998,"Dec",1249,"Airport"
1999,"Jan",1625,"Airport"
1999,"Feb",1034,"Airport"
1999,"Mar",958,"Airport"
1999,"Apr",422,"Airport"
1999,"May",171,"Airport"
1999,"Jun",76,"Airport"
1999,"Jul",0,"Airport"
1999,"Aug",2,"Airport"
1999,"Sep",174,"Airport"
1999,"Oct",471,"Airport"
1999,"Nov",690,"Airport"
1999,"Dec",1214,"Airport"
2000,"Jan",1515,"Airport"
2000,"Feb",1070,"Airport"
2000,"Mar",734,"Airport"
2000,"Apr",542,"Airport"
2000,"May",176,"Airport"
2000,"Jun",72,"Airport"
2000,"Jul",12,"Airport"
2000,"Aug",1,"Airport"
2000,"Sep",146,"Airport"
2000,"Oct",364,"Airport"
2000,"Nov",1008,"Airport"
2000,"Dec",1771,"Airport"
2001,"Jan",1386,"Airport"
2001,"Feb",1483,"Airport"
2001,"Mar",1155,"Airport"
2001,"Apr",497,"Airport"
2001,"May",197,"Airport"
2001,"Jun",54,"Airport"
2001,"Jul",8,"Airport"
2001,"Aug",2,"Airport"
2001,"Sep",162,"Airport"
2001,"Oct",505,"Airport"
2001,"Nov",552,"Airport"
2001,"Dec",1152,"Airport"
2002,"Jan",1243,"Airport"
2002,"Feb",1021,"Airport"
2002,"Mar",1234,"Airport"
2002,"Apr",588,"Airport"
2002,"May",348,"Airport"
2002,"Jun",30,"Airport"
2002,"Jul",0,"Airport"
2002,"Aug",4,"Airport"
2002,"Sep",119,"Airport"
2002,"Oct",711,"Airport"
2002,"Nov",951,"Airport"
2002,"Dec",1197,"Airport"
2003,"Jan",1532,"Airport"
2003,"Feb",1372,"Airport"
2003,"Mar",1037,"Airport"
2003,"Apr",505,"Airport"
2003,"May",228,"Airport"
2003,"Jun",30,"Airport"
2003,"Jul",0,"Airport"
2003,"Aug",0,"Airport"
2003,"Sep",175,"Airport"
2003,"Oct",441,"Airport"
2003,"Nov",979,"Airport"
2003,"Dec",1232,"Airport"
2004,"Jan",1661,"Airport"
2004,"Feb",1250,"Airport"
2004,"Mar",892,"Airport"
2004,"Apr",456,"Airport"
2004,"May",260,"Airport"
2004,"Jun",60,"Airport"
2004,"Jul",8,"Airport"
2004,"Aug",50,"Airport"
2004,"Sep",59,"Airport"
2004,"Oct",457,"Airport"
2004,"Nov",810,"Airport"
2004,"Dec",1308,"Airport"
2005,"Jan",1525,"Airport"
2005,"Feb",1073,"Airport"
2005,"Mar",1022,"Airport"
2005,"Apr",394,"Airport"
2005,"May",268,"Airport"
2005,"Jun",0,"Airport"
2005,"Jul",0,"Airport"
2005,"Aug",3,"Airport"
2005,"Sep",61,"Airport"
2005,"Oct",416,"Airport"
2005,"Nov",845,"Airport"
2005,"Dec",1403,"Airport"
2006,"Jan",1123,"Airport"
2006,"Feb",1253,"Airport"
2006,"Mar",967,"Airport"
2006,"Apr",334,"Airport"
2006,"May",187,"Airport"
2006,"Jun",19,"Airport"
2006,"Jul",0,"Airport"
2006,"Aug",0,"Airport"
2006,"Sep",196,"Airport"
2006,"Oct",597,"Airport"
2006,"Nov",839,"Airport"
2006,"Dec",1103,"Airport"
2007,"Jan",1399,"Airport"
2007,"Feb",1434,"Airport"
2007,"Mar",817,"Airport"
2007,"Apr",539,"Airport"
2007,"May",102,"Airport"
2007,"Jun",9,"Airport"
2007,"Jul",0,"Airport"
2007,"Aug",10,"Airport"
2007,"Sep",106,"Airport"
2007,"Oct",352,"Airport"
2007,"Nov",908,"Airport"
2007,"Dec",1494,"Airport"
2008,"Jan",1598,"Airport"
2008,"Feb",1436,"Airport"
2008,"Mar",1130,"Airport"
2008,"Apr",621,"Airport"
2008,"May",271,"Airport"
2008,"Jun",11,"Airport"
2008,"Jul",0,"Airport"
2008,"Aug",0,"Airport"
2008,"Sep",101,"Airport"
2008,"Oct",449,"Airport"
2008,"Nov",905,"Airport"
2008,"Dec",1587,"Airport"
2009,"Jan",1747,"Airport"
2009,"Feb",1229,"Airport"
